Workbook

Sheet 피드백 반영표
A1: 박사학위논문 피드백 반영표
A2: 지도교수·심사위원 의견을 한 줄씩 기록하고 반영 위치를 남깁니다. 심사 단계의 '수정 대조표'로 그대로 사용할 수 있습니다.
A3: 번호 | B3: 제기일 | C3: 출처 | D3: 피드백 요지 | E3: 대상 장·절 | F3: 대응 방향 | G3: 반영 위치(파일·쪽) | H3: 관련 커밋 | I3: 상태 | J3: 완료일 | K3: 비고
A4: =IF(D4="","",ROW()-3) | B4: 2026-09-17 | C4: 지도교수 | D4: 투입·산출변수를 최대한 많이 확보 | E4: 제3장 2절 변수 | F4: 투입 8 × 산출 10, 환경 55개로 확대하고 판별력 검증(효율=1 비율 73.5%) | G4: 진행보고 v2.0 7~10절 · 변수구성_최대안 v1.0 | H4: 8f92396 | I4: 보류 | J4: 2026-09-17 | K4: 주 분석은 3 × 4, 최대안은 민감도로 제안 — 확인 요청 둘째 · 9. 29. 지시(통계 중단)로 주제 확정 때까지 보류
A5: =IF(D5="","",ROW()-3) | B5: 2026-09-22 | C5: 지도교수 | D5: 윈도우 분석 검토 (EMS에서 가능) | E5: 제4장 강건성 | F5: 3년 창 8개·5년 창 6개를 CCR·BCC 로 계산(상관 0.978), EMS 입력 파일 준비 | G5: 진행보고 v2.0 11절 · EMS입력_윈도우분석.xlsx | H5: fbbefc9 | I5: 보류 | K5: 남은 일: EMS 로 직접 돌려 결과 대조, 창 너비 확정(확인 요청 여덟째) · 9. 29. 지시(통계 중단)로 주제 확정 때까지 보류
A6: =IF(D6="","",ROW()-3) | B6: 2026-09-23 | C6: 지도교수 | D6: ① 교육재정 비용변수 대폭 보강 — 회계별 분해 | E6: 분석모형·자료 | F6: 총교육비를 본회계·산학협력단·도서구입비·기계기구매입비 네 갈래 + 발전기금으로 분해(1,827행 합계 일치) | G6: 진행보고 v2.0 13절 · build_cost_vars.py | H6: 3490086 | I6: 완료 | J6: 2026-09-23 | K6: 국공립 97%·사립 98% 채움
A7: =IF(D7="","",ROW()-3) | B7: 2026-09-23 | C7: 지도교수 | D7: ① 비용변수 — 이중 계상 처리 | E7: 분석모형 | F7: 산학협력단 지출 ≈ 교외연구비(상관 0.969) 확인, 처리 방식 M0~M3 비교 | G7: 진행보고 v2.0 13절 · 이중계상_처리방식_비교.xlsx | H7: 53981eb | I7: 보류 | J7: 2026-09-23 | K7: 본회계 투입(M1) 채택 여부 — 확인 요청 열째 · 9. 29. 지시(통계 중단)로 주제 확정 때까지 보류
A8: =IF(D8="","",ROW()-3) | B8: 2026-09-23 | C8: 지도교수 | D8: ① 비용변수 — 세출 비목(인건비·운영비 등) 보강 | E8: 분석모형·자료 | F8: 국공립 세출 비목 재파싱 필요(라벨 오염, 2015·2018·2021 분류 변경). 사립 재정알리미 비목은 국공립 미공시 | I8: 보류 | K8: 「대폭 보강」의 비목 단위 보강은 아직 — 현재는 회계 단위 분해까지 · 9. 29. 지시(통계 중단)로 주제 확정 때까지 보류
A9: =IF(D9="","",ROW()-3) | B9: 2026-09-23 | C9: 지도교수 | D9: ① 비용변수 — 확정 모형에 반영 | E9: 제3장 2절 · 진행보고 6~7절 | F9: 6절 분석모형 확정안·7절 투입변수 표는 아직 총교육비 | I9: 보류 | K9: 확인 요청 열째 결정 후 6·7절과 연구계획서 변수표를 함께 수정
A10: =IF(D10="","",ROW()-3) | B10: 2026-09-23 | C10: 지도교수 | D10: ② SFA 와 DEA 비교 | E10: 분석방법 | F10: SFA 비용함수 추정기 작성·모의자료 검증, 16개 사양 추정, DEA 와 순위상관 0.53(비용 1개로 맞추면 0.68~0.72), BC95 결정요인 | G10: 진행보고 v2.0 14~15절 · 분석모형_전수검토 v1.0 · sfa.py | H10: d53650d | I10: 완료 | J10: 2026-09-23 | K10: 41개 경우 종합
A11: =IF(D11="","",ROW()-3) | B11: 2026-09-23 | C11: 지도교수 | D11: ② SFA — 주 모형 여부 | E11: 분석방법 | F11: 교차 검증으로 둘지 주 모형으로 올릴지 결정 요청 | G11: 진행보고 v2.0 18절 | I11: 보류 | K11: 확인 요청 열한째 · 9. 29. 지시(통계 중단)로 주제 확정 때까지 보류
A12: =IF(D12="","",ROW()-3) | B12: 2026-09-23 | C12: 지도교수 | D12: ② SFA — 패널 SFA · 투입가격 | E12: 분석방법 | F12: Greene(2005) TRE/TFE 패널 SFA 미추정, 투입가격 포함 비용함수 미추정 | I12: 보류 | K12: SFA 가 주 모형이 되면 착수. 투입가격은 Izadi 외(2002) 근거로 생략 중 · 9. 29. 지시(통계 중단)로 주제 확정 때까지 보류
A13: =IF(D13="","",ROW()-3) | B13: 2026-09-23 | C13: 지도교수 | D13: ③ 관련 이론 정리 | E13: 제2장 1절 | F13: 근거 이론 7개 → 11개(T8 확률변경·비용쌍대성, T9 X-비효율, T10 규모·범위의 경제, T11 수입비용이론·비용질병), 비용 이론·SFA 문헌 20편 추가 | G13: 진행보고 v2.0 3~4절 · 근거이론_구성 v1.1 | H13: 92edc16 | I13: 완료 | J13: 2026-09-23
A14: =IF(D14="","",ROW()-3) | B14: 2026-09-23 | C14: 지도교수 | D14: ③ 이론 — 대표 문헌 원문 확보 | E14: 제2장 1절 | F14: T8~T11 대표 문헌 원문 13편 미확보(0/13) | I14: 미착수 | K14: 구독 DB 는 직접 내려받기 필요
A15: =IF(D15="","",ROW()-3) | B15: 2026-09-23 | C15: 지도교수 | D15: ③ 이론 — 진행보고 문헌 집계 갱신 | E15: 진행보고 16~17절 · 부록 | F15: 16·17절 집계와 부록에 20편 추가(237 → 257편), 19절 교차참조 제14절 → 제18절 | G15: 진행보고 v2.0 16·17절 · 부록 1·2 | I15: 완료 | J15: 2026-09-23 | K15: 16절 표 A·D 영역 수치와 묶음 수(18 → 19개) 오류도 함께 바로잡음
A16: =IF(D16="","",ROW()-3) | B16: 2026-09-28 | C16: 지도교수 | D16: 논문 쓴 거 내일(9. 29.)까지 보내주기 — 교수님 메일 | E16: 진행보고·원고 | F16: 분석 자료·진행보고·집필 현황 3종 준비, 메일 최종본 작성 | G16: 분석 자료 v1.5 · 진행보고 v2.0 · 집필 현황 v1.0 | I16: 완료 | J16: 2026-09-29 | K16: 메일 송부 완료(9. 29.) — 첨부 3종
A17: =IF(D17="","",ROW()-3) | B17: 2026-09-28 | C17: 지도교수 | D17: 일정 잡기 — 면담 일시 | E17: 면담 | F17: 메일에 후보 일시 자리를 마련, 집필 일정(안) 작성 | G17: 집필 현황 v1.0 · 메일 최종본 | I17: 진행 중 | K17: 교수님 회신 대기 — 면담 일시는 회신 뒤 확정
A18: =IF(D18="","",ROW()-3) | B18: 2026-09-29 | C18: 지도교수 | D18: (총평) 통계가 목적이 아님 — 제목·분석이 비슷한 논문이 있는지, 그와 무엇이 다른지가 핵심. 남이 한 연구를 다시 돌리면 석사논문 | E18: 제목 · 제1장 | F18: 현재 제목 다섯 요소가 모두 선행연구와 겹침을 점검(국내 55편, 그중 박사 15편 — 새로운 것은 분석 기간뿐). 물음을 「지역 단위 재정 배분 전제의 검증」으로 옮기고 제목 후보 3개 제시(① 권고) | G18: 연구진술문_차별성 v1.0 5~6절 | H18: a557316 | I18: 검토 요청 | J18: 2026-09-29 | K18: 연구 방향과 제목은 교수님 확인 필요 — 8절 여쭐 것 첫째·셋째
A19: =IF(D19="","",ROW()-3) | B19: 2026-09-29 | C19: 지도교수 | D19: ① 박사연구가 해결할 사회적 문제, 왜 연구하는지(연구진술문)를 아주 구체적으로 | E19: 제1장 서론 | F19: RISE → ANCHOR 의 시·도 단위 배분(1조 9,410억 → 2조 1,403억)이 기대는 두 전제와 전제가 틀렸을 때의 비용, 예비 검토(격차의 71.8% 개별 대학 · 3.0% 시·도), 강원·제주의 역설, 연구문제 3개로 재설정 | G19: 연구진술문_차별성 v1.0 2~3절 | H19: a557316 | I19: 검토 요청 | J19: 2026-09-29 | K19: 학령인구·미충원 규모는 통계청·대학알리미 공표치로 보강 예정
A20: =IF(D20="","",ROW()-3) | B20: 2026-09-29 | C20: 지도교수 | D20: ② 기존 논문과 다른 본인만의 관점(이론) — 기존 교육재정 논문과 여러 각도에서 집중 비교 (교수님이 가장 보고 싶은 부분) | E20: 제2장 · 제1장 | F20: 차별성 여섯 각도(물음 · 격차를 보는 방식 · 정책 · 교육재정의 축 · 이론 · 방법). 장소 기반 정책 논쟁 + 생태학적 오류를 중심 관점으로, 교육재정 문헌 5편과 비교, 가장 가까운 선행연구 이창원·김한나(2025) 명시, 이론 11개 재배치 | G20: 연구진술문_차별성 v1.0 4절 · 콘솔 문헌 D5·D6 묶음(266편) | H20: a557316 · 45567a5 | I20: 검토 요청 | J20: 2026-09-29 | K20: 선행연구 6편 본문 확인 필요 — 8절 여쭐 것 둘째
A21: =IF(D21="","",ROW()-3) | B21: 2026-09-29 | C21: 지도교수 | D21: ③ 통계는 더 이상 돌리지 말고 서론과 차별성을 집중적으로 써서 제출 | E21: 제출 | F21: 서론(연구진술문)과 차별성 문서 작성 — 한글 약 7,600자 · 표 5개, 새 통계 분석 없음(인용 수치는 진행보고 v2.0 12절) | G21: 박사학위논문_연구진술문_차별성_석재영_v1.0.hwpx | H21: a557316 | I21: 진행 중 | K21: 문서 작성 완료(9. 29.) — 교수님께 제출 필요
A22: =IF(D22="","",ROW()-3) | B22: 2026-09-29 | C22: 지도교수 | D22: ④ 논문 주제가 명확히 잡히기 전에는 통계를 돌리지 말 것 | E22: 분석 전체 | F22: 분석에 딸린 항목(1·2·4·5·8·9번 — 변수 개수, 윈도우 EMS, 이중 계상, 세출 비목 재파싱, SFA 위상, 패널 SFA)을 주제 확정 때까지 보류 | G22: 이 반영표 1·2·4·5·8·9번 · 연구진술문_차별성 v1.0 7절 | I22: 진행 중 | K22: 주제 확정 때까지 유지
A23: =IF(D23="","",ROW()-3)
A24: =IF(D24="","",ROW()-3)
A25: =IF(D25="","",ROW()-3)
A26: =IF(D26="","",ROW()-3)
A27: =IF(D27="","",ROW()-3)
A28: =IF(D28="","",ROW()-3)
A29: =IF(D29="","",ROW()-3)
A30: =IF(D30="","",ROW()-3)
A31: =IF(D31="","",ROW()-3)
A32: =IF(D32="","",ROW()-3)
A33: =IF(D33="","",ROW()-3)
A34: =IF(D34="","",ROW()-3)
... A46: =IF(D46="","",ROW()-3)

Sheet 면담 기록
A1: 회차 | B1: 일자 | C1: 방식 | D1: 주요 합의 사항 | E1: 결정 요청 결과 | F1: 다음 면담 | G1: 요약 파일
A2: 1
A3: 2
A4: 3
A5: 4
A6: 5
A7: 6
A8: 7
A9: 8
A10: 9
A11: 10
A12: 11
A13: 12
... A31: 30

Sheet 현황
A1: 상태별 건수
A3: 미착수 | B3: =COUNTIF('피드백 반영표'!I:I,A3)
A4: 진행 중 | B4: =COUNTIF('피드백 반영표'!I:I,A4)
A5: 검토 요청 | B5: =COUNTIF('피드백 반영표'!I:I,A5)
A6: 완료 | B6: =COUNTIF('피드백 반영표'!I:I,A6)
A7: 보류 | B7: =COUNTIF('피드백 반영표'!I:I,A7)
A8: 합계 | B8: =SUM(B3:B7)
A9: 완료율 | B9: =IF(B8=0,0,B6/B8)
